"SegmentName","KPI","size_treatment","size_control","mean_treatment","mean_control","rel_effect","confidence_interval","pValue","Significant"
"Total","Utilisation_weighted",11787,14327,0.491157131510405,0.505885943036401,-0.0291148859317791,"(-0.033 ; 0.004)",0.118,"NO"
"Total","AccR",11787,14327,0.0803412200421152,0.0691900376182611,0.16116745716165,"(0.008 ; 0.014)",0,"YES"
"Total","RejR",11787,14327,0.373023380304823,0.366453522652861,0.017928215301086,"(-0.017 ; 0.03)",0.583,"NO"
"Total","IngoreR",11787,14327,0.546635399653062,0.564356439728878,-0.0314004392052819,"(-0.048 ; 0.012)",0.246,"NO"
"Total","PassCanc_perAccepted",11787,14327,0.0835205189036394,0.0850756771584986,-0.0182797046911766,"(-0.006 ; 0.003)",0.457,"NO"
"Total","driver_earning",11787,14327,83992.9283956902,73117.4710686117,0.148739516946274,"(7773.175 ; 13977.739)",0,"YES"
"Total","supply_hours",11787,14327,508.006787138373,431.381517414672,0.177627614142875,"(62.944 ; 90.307)",0,"YES"
"Total","utilisation",11787,14327,0.959414655057484,0.862743937764043,0.112050300282586,"(0.073 ; 0.12)",0,"YES"
"Total","rides",11787,14327,8.87494697548146,7.81768688490263,0.135239503211697,"(0.736 ; 1.378)",0,"YES"
"Total","time_to_accept",11787,14327,13.9625229953049,10.3859594581832,0.344365251137553,"(3.255 ; 3.898)",0,"YES"
"Total","time_to_reject",11787,14327,16.8069585801731,8.67176465306297,0.93812439019971,"(6.974 ; 9.296)",0,"YES"
"Total","accepted",11787,14327,13.4459998303215,11.704194876806,0.148818861258642,"(1.276 ; 2.207)",0,"YES"
"Total","rejected",11787,14327,62.4296258589972,61.9893208627068,0.00710291692444259,"(-3.507 ; 4.388)",0.827,"NO"
"Total","ignored",11787,14327,91.485534911343,95.4666015216026,-0.0417011451838338,"(-9.02 ; 1.057)",0.121,"NO"
"Total","broadcasts",11787,14327,167.361160600662,169.160117261115,-0.0106346382917006,"(-9.3 ; 5.702)",0.638,"NO"
"Total","drac_score_avg",11787,14327,73.6863705376829,62.7695467858025,0.173919110633909,"(6.609 ; 15.225)",0,"YES"
"Total","driver_aborts",11787,14327,1.39322982947315,1.15955887485168,0.20151711110948,"(0.166 ; 0.301)",0,"YES"
"Total","pax_can",11787,14327,1.1230168830067,0.995742304739303,0.127818791731181,"(0.076 ; 0.179)",0,"YES"
"Total","rides_surge",11787,14327,1.49885467039959,1.2948279472325,0.157570527886096,"(0.127 ; 0.282)",0,"YES"
"co","Utilisation_weighted",11787,14327,0.491157131510405,0.505885943036401,-0.0291148859317791,"(-0.033 ; 0.004)",0.118,"NO"
"co","AccR",11787,14327,0.0803412200421152,0.0691900376182611,0.16116745716165,"(0.008 ; 0.014)",0,"YES"
"co","RejR",11787,14327,0.373023380304823,0.366453522652861,0.017928215301086,"(-0.017 ; 0.03)",0.583,"NO"
"co","IngoreR",11787,14327,0.546635399653062,0.564356439728878,-0.0314004392052819,"(-0.048 ; 0.012)",0.246,"NO"
"co","PassCanc_perAccepted",11787,14327,0.0835205189036394,0.0850756771584986,-0.0182797046911766,"(-0.006 ; 0.003)",0.457,"NO"
"co","driver_earning",11787,14327,83992.9283956902,73117.4710686117,0.148739516946274,"(7773.175 ; 13977.739)",0,"YES"
"co","supply_hours",11787,14327,508.006787138373,431.381517414672,0.177627614142875,"(62.944 ; 90.307)",0,"YES"
"co","utilisation",11787,14327,0.959414655057484,0.862743937764043,0.112050300282586,"(0.073 ; 0.12)",0,"YES"
"co","rides",11787,14327,8.87494697548146,7.81768688490263,0.135239503211697,"(0.736 ; 1.378)",0,"YES"
"co","time_to_accept",11787,14327,13.9625229953049,10.3859594581832,0.344365251137553,"(3.255 ; 3.898)",0,"YES"
"co","time_to_reject",11787,14327,16.8069585801731,8.67176465306297,0.93812439019971,"(6.974 ; 9.296)",0,"YES"
"co","accepted",11787,14327,13.4459998303215,11.704194876806,0.148818861258642,"(1.276 ; 2.207)",0,"YES"
"co","rejected",11787,14327,62.4296258589972,61.9893208627068,0.00710291692444259,"(-3.507 ; 4.388)",0.827,"NO"
"co","ignored",11787,14327,91.485534911343,95.4666015216026,-0.0417011451838338,"(-9.02 ; 1.057)",0.121,"NO"
"co","broadcasts",11787,14327,167.361160600662,169.160117261115,-0.0106346382917006,"(-9.3 ; 5.702)",0.638,"NO"
"co","drac_score_avg",11787,14327,73.6863705376829,62.7695467858025,0.173919110633909,"(6.609 ; 15.225)",0,"YES"
"co","driver_aborts",11787,14327,1.39322982947315,1.15955887485168,0.20151711110948,"(0.166 ; 0.301)",0,"YES"
"co","pax_can",11787,14327,1.1230168830067,0.995742304739303,0.127818791731181,"(0.076 ; 0.179)",0,"YES"
"co","rides_surge",11787,14327,1.49885467039959,1.2948279472325,0.157570527886096,"(0.127 ; 0.282)",0,"YES"
"co_Major Contributor - Medium Margin","Utilisation_weighted",994,1047,0.572466320497817,0.586333361436641,-0.02365043821632,"(-0.081 ; 0.054)",0.688,"NO"
"co_Major Contributor - Medium Margin","AccR",994,1047,0.0727460796888576,0.0603384030291182,0.205634820228035,"(0.005 ; 0.02)",0.001,"YES"
"co_Major Contributor - Medium Margin","RejR",994,1047,0.444933592618644,0.455316830922137,-0.0228044245200952,"(-0.09 ; 0.069)",0.797,"NO"
"co_Major Contributor - Medium Margin","IngoreR",994,1047,0.482320327692499,0.484344766048745,-0.00417974653212803,"(-0.076 ; 0.071)",0.957,"NO"
"co_Major Contributor - Medium Margin","PassCanc_perAccepted",994,1047,0.0807075418041178,0.076156189421213,0.0597633943806165,"(-0.007 ; 0.016)",0.432,"NO"
"co_Major Contributor - Medium Margin","driver_earning",994,1047,120242.44668008,113442.561604585,0.0599412158833088,"(-6951.935 ; 20551.705)",0.332,"NO"
"co_Major Contributor - Medium Margin","supply_hours",994,1047,531.253521126761,498.456542502388,0.0657970672021337,"(-16.403 ; 81.997)",0.191,"NO"
"co_Major Contributor - Medium Margin","utilisation",994,1047,1.12590207265394,1.06658345640129,0.0556155412843146,"(-0.031 ; 0.15)",0.199,"NO"
"co_Major Contributor - Medium Margin","rides",994,1047,12.0271629778672,11.8882521489971,0.0116847142144261,"(-1.287 ; 1.565)",0.848,"NO"
"co_Major Contributor - Medium Margin","time_to_accept",994,1047,16.8376089351202,13.1534544033308,0.280090265174487,"(2.499 ; 4.869)",0,"YES"
"co_Major Contributor - Medium Margin","time_to_reject",994,1047,23.0231533729861,11.0106377956327,1.09099180268359,"(6.467 ; 17.558)",0,"YES"
"co_Major Contributor - Medium Margin","accepted",994,1047,17.6881287726358,17.2445081184336,0.0257253295458155,"(-1.534 ; 2.421)",0.66,"NO"
"co_Major Contributor - Medium Margin","rejected",994,1047,108.185110663984,130.127984718243,-0.168625327609354,"(-43.105 ; -0.781)",0.042,"YES"
"co_Major Contributor - Medium Margin","ignored",994,1047,117.275653923541,138.424068767908,-0.152779896101927,"(-40.675 ; -1.622)",0.034,"YES"
"co_Major Contributor - Medium Margin","broadcasts",994,1047,243.148893360161,285.796561604585,-0.149223867512546,"(-75.914 ; -9.381)",0.012,"YES"
"co_Major Contributor - Medium Margin","drac_score_avg",994,1047,85.3520061764397,85.529185069093,-0.00207156063173323,"(-16.355 ; 16.001)",0.983,"NO"
"co_Major Contributor - Medium Margin","driver_aborts",994,1047,1.61368209255533,1.60840496657116,0.00328096847115942,"(-0.263 ; 0.274)",0.969,"NO"
"co_Major Contributor - Medium Margin","pax_can",994,1047,1.42756539235412,1.31327602674308,0.0870261569416499,"(-0.084 ; 0.313)",0.259,"NO"
"co_Major Contributor - Medium Margin","rides_surge",994,1047,2.72535211267606,2.76408787010506,-0.0140139385031683,"(-0.435 ; 0.358)",0.848,"NO"
"co_","Utilisation_weighted",210,1321,0.551153425681192,0.508927546546064,0.0829703155620136,"(-0.109 ; 0.194)",0.583,"NO"
"co_","AccR",210,1321,0.120501546979319,0.0928166812173878,0.298274678633362,"(-0.005 ; 0.06)",0.093,"NO"
"co_","RejR",210,1321,0.294360310481463,0.258329441861409,0.139476431181948,"(-0.127 ; 0.199)",0.664,"NO"
"co_","IngoreR",210,1321,0.585138142539217,0.648853876921203,-0.0981973548255815,"(-0.296 ; 0.169)",0.59,"NO"
"co_","PassCanc_perAccepted",210,1321,0.095945945945946,0.0923110576397244,0.039376521070834,"(-0.03 ; 0.037)",0.831,"NO"
"co_","driver_earning",210,1321,60176.7380952381,41721.4239212718,0.442346220224685,"(956.611 ; 35954.018)",0.039,"YES"
"co_","supply_hours",210,1321,344.109523809524,263.794095382286,0.304462570744223,"(7.253 ; 153.378)",0.031,"YES"
"co_","utilisation",210,1321,0.729037621167363,0.599374502399631,0.216330721858568,"(-0.011 ; 0.271)",0.072,"NO"
"co_","rides",210,1321,6.45238095238095,4.3671461014383,0.477482273894131,"(0.256 ; 3.915)",0.026,"YES"
"co_","time_to_accept",210,1321,9.77288741811753,7.54448231930194,0.295368854283667,"(0.571 ; 3.886)",0.009,"YES"
"co_","time_to_reject",210,1321,11.0649753228247,5.93610848287152,0.864011642434154,"(1.534 ; 8.724)",0.005,"YES"
"co_","accepted",210,1321,10.5714285714286,6.92127176381529,0.52738238465024,"(0.857 ; 6.443)",0.011,"YES"
"co_","rejected",210,1321,25.8238095238095,19.2634367903104,0.340560866937257,"(-7.517 ; 20.638)",0.36,"NO"
"co_","ignored",210,1321,51.3333333333333,48.3845571536715,0.0609445730855082,"(-16.949 ; 22.847)",0.771,"NO"
"co_","broadcasts",210,1321,87.7285714285714,74.5692657077971,0.176470903875326,"(-15.942 ; 42.261)",0.374,"NO"
"co_","drac_score_avg",210,1321,55.9063035847317,37.0538060241542,0.508787074350422,"(-1.128 ; 38.833)",0.064,"NO"
"co_","driver_aborts",210,1321,1.33333333333333,0.763058289174868,0.747354497354497,"(0.144 ; 0.997)",0.009,"YES"
"co_","pax_can",210,1321,1.01428571428571,0.63890991672975,0.58752538930264,"(0.041 ; 0.709)",0.028,"YES"
"co_","rides_surge",210,1321,1.01904761904762,0.564723694171082,0.804506574747862,"(0.059 ; 0.849)",0.024,"YES"
"co_Low Contributor - Low Margin","Utilisation_weighted",744,910,0.471121037285191,0.494857451297905,-0.0479661647014869,"(-0.114 ; 0.067)",0.607,"NO"
"co_Low Contributor - Low Margin","AccR",744,910,0.0720508038433391,0.0593719683431197,0.213549185820258,"(0.001 ; 0.025)",0.039,"YES"
"co_Low Contributor - Low Margin","RejR",744,910,0.384723435397436,0.405841205003829,-0.0520345626467229,"(-0.131 ; 0.089)",0.706,"NO"
"co_Low Contributor - Low Margin","IngoreR",744,910,0.543225760759225,0.534786826653051,0.0157799962257649,"(-0.116 ; 0.133)",0.894,"NO"
"co_Low Contributor - Low Margin","PassCanc_perAccepted",744,910,0.0724115334207077,0.0930512555899553,-0.221810248968586,"(-0.04 ; -0.001)",0.039,"YES"
"co_Low Contributor - Low Margin","driver_earning",744,910,50194.6599462366,40224.6714285714,0.247857550194518,"(1192.595 ; 18747.382)",0.026,"YES"
"co_Low Contributor - Low Margin","supply_hours",744,910,303.314516129032,223.945054945055,0.354414886291866,"(41.13 ; 117.609)",0,"YES"
"co_Low Contributor - Low Margin","utilisation",744,910,0.671393456410847,0.541692530502457,0.239436430456376,"(0.051 ; 0.209)",0.001,"YES"
"co_Low Contributor - Low Margin","rides",744,910,5.15860215053763,3.97582417582418,0.297492525425441,"(0.295 ; 2.071)",0.009,"YES"
"co_Low Contributor - Low Margin","time_to_accept",744,910,10.0460651197725,6.78222608484502,0.481234183894363,"(2.208 ; 4.32)",0,"YES"
"co_Low Contributor - Low Margin","time_to_reject",744,910,14.2722823340523,6.32324745775387,1.25711273035043,"(3.281 ; 12.617)",0.001,"YES"
"co_Low Contributor - Low Margin","accepted",744,910,8.20430107526882,6.38901098901099,0.284126931285625,"(0.474 ; 3.156)",0.008,"YES"
"co_Low Contributor - Low Margin","rejected",744,910,43.8077956989247,43.6725274725275,0.00309732992857695,"(-11.946 ; 12.217)",0.982,"NO"
"co_Low Contributor - Low Margin","ignored",744,910,61.8561827956989,57.5483516483516,0.0748558564052402,"(-9.426 ; 18.042)",0.538,"NO"
"co_Low Contributor - Low Margin","broadcasts",744,910,113.868279569892,107.60989010989,0.0581581251835808,"(-15.212 ; 27.729)",0.568,"NO"
"co_Low Contributor - Low Margin","drac_score_avg",744,910,42.5202326472829,37.9068485267717,0.121703182928884,"(-6.551 ; 15.778)",0.418,"NO"
"co_Low Contributor - Low Margin","driver_aborts",744,910,1.15456989247312,0.8,0.443212365591398,"(0.073 ; 0.636)",0.014,"YES"
"co_Low Contributor - Low Margin","pax_can",744,910,0.594086021505376,0.594505494505495,-0.000705583050106284,"(-0.14 ; 0.139)",0.995,"NO"
"co_Low Contributor - Low Margin","rides_surge",744,910,0.967741935483871,0.83956043956044,0.152676912683668,"(-0.107 ; 0.363)",0.285,"NO"
"co_Low Contributor - High Margin","Utilisation_weighted",1959,2316,0.372682126092341,0.371796736984308,0.00238137944731215,"(-0.039 ; 0.041)",0.966,"NO"
"co_Low Contributor - High Margin","AccR",1959,2316,0.105590395025996,0.0832619831952285,0.268170550038576,"(0.012 ; 0.033)",0,"YES"
"co_Low Contributor - High Margin","RejR",1959,2316,0.282833967590359,0.297820313747116,-0.0503200939123368,"(-0.081 ; 0.051)",0.656,"NO"
"co_Low Contributor - High Margin","IngoreR",1959,2316,0.611575637383645,0.618917703057656,-0.0118627495024596,"(-0.124 ; 0.109)",0.902,"NO"
"co_Low Contributor - High Margin","PassCanc_perAccepted",1959,2316,0.0861252115059222,0.0796514161220044,0.0812765886547668,"(-0.006 ; 0.019)",0.326,"NO"
"co_Low Contributor - High Margin","driver_earning",1959,2316,35209.6518631955,29587.2413644214,0.190028209440811,"(1781.662 ; 9463.159)",0.004,"YES"
"co_Low Contributor - High Margin","supply_hours",1959,2316,319.057682491067,270.075561312608,0.181364507548919,"(24.893 ; 73.071)",0,"YES"
"co_Low Contributor - High Margin","utilisation",1959,2316,0.621752393289962,0.552365824858551,0.125617055416453,"(0.025 ; 0.113)",0.002,"YES"
"co_Low Contributor - High Margin","rides",1959,2316,3.73813169984686,3.14594127806563,0.188239502723762,"(0.189 ; 0.995)",0.004,"YES"
"co_Low Contributor - High Margin","time_to_accept",1959,2316,9.67804344386158,7.38455711839597,0.310578723773726,"(1.583 ; 3.004)",0,"YES"
"co_Low Contributor - High Margin","time_to_reject",1959,2316,10.6172991842538,5.8829997548112,0.804742414882956,"(2.327 ; 7.142)",0,"YES"
"co_Low Contributor - High Margin","accepted",1959,2316,6.03369065849923,4.95466321243523,0.217780179963767,"(0.46 ; 1.698)",0.001,"YES"
"co_Low Contributor - High Margin","rejected",1959,2316,16.1618172537009,17.722366148532,-0.0880553353740721,"(-5.411 ; 2.29)",0.427,"NO"
"co_Low Contributor - High Margin","ignored",1959,2316,34.9469116896376,36.8298791018998,-0.0511260818166826,"(-8.667 ; 4.901)",0.586,"NO"
"co_Low Contributor - High Margin","broadcasts",1959,2316,57.1424196018377,59.506908462867,-0.0397346950481355,"(-11.445 ; 6.716)",0.61,"NO"
"co_Low Contributor - High Margin","drac_score_avg",1959,2316,34.1918185920668,29.4480944400873,0.161087643943505,"(-0.933 ; 10.421)",0.101,"NO"
"co_Low Contributor - High Margin","driver_aborts",1959,2316,0.786115364982134,0.651554404145078,0.206522985618702,"(0.018 ; 0.251)",0.024,"YES"
"co_Low Contributor - High Margin","pax_can",1959,2316,0.519652884124553,0.394645941278066,0.31675719872261,"(0.053 ; 0.197)",0.001,"YES"
"co_Low Contributor - High Margin","rides_surge",1959,2316,0.40684022460439,0.354490500863558,0.147675956374869,"(-0.032 ; 0.136)",0.223,"NO"
"co_All Star","Utilisation_weighted",4343,4699,0.535066283207242,0.551539960041584,-0.0298685100406875,"(-0.044 ; 0.011)",0.239,"NO"
"co_All Star","AccR",4343,4699,0.0724229584989079,0.0619292516923529,0.169446691503472,"(0.007 ; 0.014)",0,"YES"
"co_All Star","RejR",4343,4699,0.364401604034952,0.347812182492563,0.0476964936176241,"(-0.014 ; 0.047)",0.293,"NO"
"co_All Star","IngoreR",4343,4699,0.56317543746614,0.590258565815084,-0.0458834990586618,"(-0.068 ; 0.014)",0.198,"NO"
"co_All Star","PassCanc_perAccepted",4343,4699,0.0797163191659984,0.0823027981963061,-0.0314263802324016,"(-0.008 ; 0.003)",0.353,"NO"
"co_All Star","driver_earning",4343,4699,125470.928390513,117382.273462439,0.0689086579215297,"(1819.647 ; 14357.663)",0.011,"YES"
"co_All Star","supply_hours",4343,4699,644.583697904674,588.928921047031,0.0945016875019428,"(30.479 ; 80.83)",0,"YES"
"co_All Star","utilisation",4343,4699,1.21863393490507,1.1738160350209,0.0381813661996642,"(0.001 ; 0.088)",0.043,"YES"
"co_All Star","rides",4343,4699,12.2546626755699,11.7222813364546,0.0454161885246424,"(-0.083 ; 1.148)",0.09,"NO"
"co_All Star","time_to_accept",4343,4699,18.2507954529343,14.1650404889197,0.28843934242268,"(3.536 ; 4.636)",0,"YES"
"co_All Star","time_to_reject",4343,4699,21.677198796772,11.617938007437,0.865838738586459,"(8.074 ; 12.045)",0,"YES"
"co_All Star","accepted",4343,4699,18.3762376237624,17.2260055330921,0.0667730013473271,"(0.263 ; 2.038)",0.011,"YES"
"co_All Star","rejected",4343,4699,92.4614321897306,96.7461161949351,-0.0442879174247287,"(-12.515 ; 3.945)",0.307,"NO"
"co_All Star","ignored",4343,4699,142.897306009671,164.184081719515,-0.129651885170022,"(-32.292 ; -10.282)",0,"YES"
"co_All Star","broadcasts",4343,4699,253.734975823164,278.156203447542,-0.0877968110065321,"(-40.113 ; -8.73)",0.002,"YES"
"co_All Star","drac_score_avg",4343,4699,114.205646961306,104.770197023063,0.0900585300623793,"(-0.26 ; 19.131)",0.056,"NO"
"co_All Star","driver_aborts",4343,4699,1.95786322818328,1.66354543519898,0.17692200450726,"(0.159 ; 0.43)",0,"YES"
"co_All Star","pax_can",4343,4699,1.46488602348607,1.41774845711854,0.0332481873853257,"(-0.05 ; 0.144)",0.341,"NO"
"co_All Star","rides_surge",4343,4699,2.26939903292655,2.07256863162375,0.0949693044174814,"(0.042 ; 0.352)",0.013,"YES"
"co_Major Contributor - Low Margin","Utilisation_weighted",900,949,0.481131604295245,0.518392314124504,-0.0718774349349442,"(-0.111 ; 0.036)",0.32,"NO"
"co_Major Contributor - Low Margin","AccR",900,949,0.0723957128102089,0.0622470620281734,0.163038229457997,"(0.001 ; 0.019)",0.033,"YES"
"co_Major Contributor - Low Margin","RejR",900,949,0.4736283645353,0.518513113861001,-0.0865643474115349,"(-0.134 ; 0.044)",0.323,"NO"
"co_Major Contributor - Low Margin","IngoreR",900,949,0.453975922654491,0.419239824110826,0.0828549592523502,"(-0.046 ; 0.115)",0.397,"NO"
"co_Major Contributor - Low Margin","PassCanc_perAccepted",900,949,0.0749200904342403,0.0761115886535907,-0.0156546229086522,"(-0.015 ; 0.012)",0.863,"NO"
"co_Major Contributor - Low Margin","driver_earning",900,949,86695.6777777778,84832.3551106428,0.0219647640891822,"(-11299.659 ; 15026.305)",0.781,"NO"
"co_Major Contributor - Low Margin","supply_hours",900,949,467.183333333333,419.638566912539,0.11329932510875,"(-3.512 ; 98.601)",0.068,"NO"
"co_Major Contributor - Low Margin","utilisation",900,949,0.896949445684791,0.839514663864022,0.0684142687352416,"(-0.027 ; 0.142)",0.18,"NO"
"co_Major Contributor - Low Margin","rides",900,949,9.68666666666667,9.34878819810327,0.0361414186955216,"(-1.077 ; 1.753)",0.64,"NO"
"co_Major Contributor - Low Margin","time_to_accept",900,949,13.6535740662872,10.5289197205863,0.296768750130322,"(1.581 ; 4.668)",0,"YES"
"co_Major Contributor - Low Margin","time_to_reject",900,949,16.6250372709546,10.2320694031906,0.624797156455021,"(3.617 ; 9.169)",0,"YES"
"co_Major Contributor - Low Margin","accepted",900,949,14.2522222222222,13.4847207586934,0.0569163779705313,"(-1.15 ; 2.685)",0.432,"NO"
"co_Major Contributor - Low Margin","rejected",900,949,93.2411111111111,112.326659641728,-0.169911119866748,"(-37.706 ; -0.465)",0.045,"YES"
"co_Major Contributor - Low Margin","ignored",900,949,89.3722222222222,90.8208640674394,-0.0159505402210389,"(-18.104 ; 15.206)",0.865,"NO"
"co_Major Contributor - Low Margin","broadcasts",900,949,196.865555555556,216.632244467861,-0.0912453682085074,"(-48.992 ; 9.459)",0.185,"NO"
"co_Major Contributor - Low Margin","drac_score_avg",900,949,56.604622724447,52.7954258030052,0.0721501316355522,"(-8.469 ; 16.088)",0.543,"NO"
"co_Major Contributor - Low Margin","driver_aborts",900,949,1.44444444444444,1.31401475237092,0.099260447295732,"(-0.112 ; 0.373)",0.292,"NO"
"co_Major Contributor - Low Margin","pax_can",900,949,1.06777777777778,1.0263435194942,0.0403707506274242,"(-0.145 ; 0.228)",0.664,"NO"
"co_Major Contributor - Low Margin","rides_surge",900,949,1.75222222222222,1.79030558482613,-0.0212719900595121,"(-0.393 ; 0.317)",0.833,"NO"
"co_Medium Contributor - High Margin","Utilisation_weighted",1979,2228,0.355460170886229,0.387324162738689,-0.0822669869784422,"(-0.068 ; 0.004)",0.08,"NO"
"co_Medium Contributor - High Margin","AccR",1979,2228,0.0818379895875889,0.0787811685465827,0.0388014178692808,"(-0.005 ; 0.011)",0.447,"NO"
"co_Medium Contributor - High Margin","RejR",1979,2228,0.325691629217603,0.318137153138191,0.0237459724678244,"(-0.051 ; 0.066)",0.801,"NO"
"co_Medium Contributor - High Margin","IngoreR",1979,2228,0.592470381194808,0.603081678315226,-0.0175951243454478,"(-0.113 ; 0.092)",0.839,"NO"
"co_Medium Contributor - High Margin","PassCanc_perAccepted",1979,2228,0.084544,0.0849680857293436,-0.0049911178497588,"(-0.012 ; 0.011)",0.944,"NO"
"co_Medium Contributor - High Margin","driver_earning",1979,2228,49456.1611925215,46891.8101436266,0.0546865442182859,"(-2459.951 ; 7588.653)",0.317,"NO"
"co_Medium Contributor - High Margin","supply_hours",1979,2228,438.755432036382,389.550718132855,0.126311444474725,"(18.358 ; 80.051)",0.002,"YES"
"co_Medium Contributor - High Margin","utilisation",1979,2228,0.729911289691762,0.705153658787604,0.0351095546277461,"(-0.024 ; 0.073)",0.318,"NO"
"co_Medium Contributor - High Margin","rides",1979,2228,5.04345629105609,4.87971274685817,0.0335559801759534,"(-0.346 ; 0.674)",0.529,"NO"
"co_Medium Contributor - High Margin","time_to_accept",1979,2228,11.954268486212,9.41574078689165,0.269604671238866,"(1.88 ; 3.197)",0,"YES"
"co_Medium Contributor - High Margin","time_to_reject",1979,2228,13.843420863424,7.77468170547097,0.78057718474604,"(3.002 ; 9.135)",0,"YES"
"co_Medium Contributor - High Margin","accepted",1979,2228,7.89540171803941,7.66472172351885,0.0300963300223584,"(-0.532 ; 0.994)",0.553,"NO"
"co_Medium Contributor - High Margin","rejected",1979,2228,31.4214249621021,30.9519748653501,0.0151670482673311,"(-5.231 ; 6.17)",0.872,"NO"
"co_Medium Contributor - High Margin","ignored",1979,2228,57.1591712986357,58.6745960502693,-0.0258276128622221,"(-11.443 ; 8.412)",0.765,"NO"
"co_Medium Contributor - High Margin","broadcasts",1979,2228,96.4759979787772,97.2912926391382,-0.00837993450642159,"(-14.112 ; 12.481)",0.904,"NO"
"co_Medium Contributor - High Margin","drac_score_avg",1979,2228,50.2035969552138,40.4291362249216,0.241767735919792,"(2.412 ; 17.137)",0.009,"YES"
"co_Medium Contributor - High Margin","driver_aborts",1979,2228,0.952501263264275,0.976660682226212,-0.0247367580180127,"(-0.154 ; 0.106)",0.716,"NO"
"co_Medium Contributor - High Margin","pax_can",1979,2228,0.667508842849924,0.651256732495512,0.0249549978426128,"(-0.076 ; 0.109)",0.731,"NO"
"co_Medium Contributor - High Margin","rides_surge",1979,2228,0.678120262758969,0.616247755834829,0.100401999582654,"(-0.055 ; 0.178)",0.298,"NO"
"co_Passer-By","Utilisation_weighted",313,426,0.32629093079062,0.327187883374035,-0.00274139914402144,"(-0.119 ; 0.117)",0.988,"NO"
"co_Passer-By","AccR",313,426,0.0813636363636364,0.078299057412168,0.0391394105210793,"(-0.025 ; 0.031)",0.832,"NO"
"co_Passer-By","RejR",313,426,0.366477272727273,0.324121679520137,0.130678062849246,"(-0.149 ; 0.234)",0.664,"NO"
"co_Passer-By","IngoreR",313,426,0.552159090909091,0.597579263067695,-0.0760069416154736,"(-0.286 ; 0.195)",0.711,"NO"
"co_Passer-By","PassCanc_perAccepted",313,426,0.0858938547486034,0.0841313269493844,0.0209497206703912,"(-0.037 ; 0.041)",0.929,"NO"
"co_Passer-By","driver_earning",313,426,26626.2555910543,19415.2230046948,0.371411267571625,"(-1771.929 ; 16193.994)",0.115,"NO"
"co_Passer-By","supply_hours",313,426,251.632587859425,204.739436619718,0.229038196128309,"(-7.019 ; 100.806)",0.088,"NO"
"co_Passer-By","utilisation",313,426,0.463145600346618,0.378148169308209,0.224772821706115,"(-0.012 ; 0.182)",0.087,"NO"
"co_Passer-By","rides",313,426,2.84025559105431,2.0868544600939,0.361022364217252,"(-0.214 ; 1.72)",0.127,"NO"
"co_Passer-By","time_to_accept",313,426,7.25328820480095,5.25013586217399,0.38154295340416,"(0.734 ; 3.272)",0.002,"YES"
"co_Passer-By","time_to_reject",313,426,7.43861163818292,4.94732042673191,0.503563746950731,"(0.157 ; 4.825)",0.037,"YES"
"co_Passer-By","accepted",313,426,4.57507987220447,3.43192488262911,0.333094408727158,"(-0.289 ; 2.575)",0.117,"NO"
"co_Passer-By","rejected",313,426,20.6070287539936,14.2065727699531,0.450527800595056,"(-3.029 ; 15.83)",0.183,"NO"
"co_Passer-By","ignored",313,426,31.0479233226837,26.1924882629108,0.185375097281167,"(-7.179 ; 16.889)",0.429,"NO"
"co_Passer-By","broadcasts",313,426,56.2300319488818,43.830985915493,0.282883119656365,"(-6.902 ; 31.7)",0.208,"NO"
"co_Passer-By","drac_score_avg",313,426,31.8033652956694,18.7840731691463,0.693102715757509,"(1.485 ; 24.554)",0.027,"YES"
"co_Passer-By","driver_aborts",313,426,0.674121405750799,0.514084507042254,0.311304652282376,"(-0.07 ; 0.39)",0.173,"NO"
"co_Passer-By","pax_can",313,426,0.39297124600639,0.288732394366197,0.361022364217252,"(-0.05 ; 0.258)",0.185,"NO"
"co_Passer-By","rides_surge",313,426,0.396166134185303,0.206572769953052,0.917804240487946,"(0.008 ; 0.371)",0.04,"YES"
"co_NULL","Utilisation_weighted",191,188,0.638658364499354,0.621160042964554,0.0281703914039395,"(-0.028 ; 0.063)",0.448,"NO"
"co_NULL","AccR",191,188,0.998931509776686,1,-0.00106849022331446,"(-0.094 ; 0.092)",0.982,"NO"
"co_NULL","RejR",191,188,0.000213698044662891,0,Inf,"(0 ; 0.001)",0.319,"NO"
"co_NULL","IngoreR",191,188,0.000854792178651565,0,Inf,"(0 ; 0.002)",0.171,"NO"
"co_NULL","PassCanc_perAccepted",191,188,0.132527543052733,0.132654191119477,-0.000954723448054366,"(-0.015 ; 0.015)",0.987,"NO"
"co_NULL","driver_earning",191,188,62689.0052356021,60848.9361702128,0.030239954569495,"(-2550.808 ; 6230.946)",0.41,"NO"
"co_NULL","supply_hours",191,188,1591.71204188482,1535.15957446809,0.0368381687202299,"(-34.589 ; 147.694)",0.223,"NO"
"co_NULL","utilisation",191,188,2.64624096526128,2.53689800752531,0.0431010460064305,"(-0.048 ; 0.266)",0.171,"NO"
"co_NULL","rides",191,188,32.565445026178,31.5904255319149,0.0308643988754784,"(-1.108 ; 3.058)",0.358,"NO"
"co_NULL","time_to_accept",191,188,0.0104712041884817,0,Inf,"(-0.01 ; 0.031)",0.319,"NO"
"co_NULL","time_to_reject",191,188,0.0471204188481675,0,Inf,"(-0.046 ; 0.14)",0.319,"NO"
"co_NULL","accepted",191,188,48.9476439790576,48.0372340425532,0.0189521723023836,"(-3.613 ; 5.433)",0.692,"NO"
"co_NULL","rejected",191,188,0.0104712041884817,0,Inf,"(-0.01 ; 0.031)",0.319,"NO"
"co_NULL","ignored",191,188,0.0418848167539267,0,Inf,"(-0.018 ; 0.102)",0.171,"NO"
"co_NULL","broadcasts",191,188,49,48.0372340425532,0.0200420772893367,"(-3.55 ; 5.475)",0.675,"NO"
"co_NULL","drac_score_avg",191,188,11.8297339723455,12.2606382978723,-0.0351453419518657,"(-1.722 ; 0.86)",0.512,"NO"
"co_NULL","driver_aborts",191,188,0.146596858638743,0.122340425531915,0.198269974960164,"(-0.062 ; 0.11)",0.579,"NO"
"co_NULL","pax_can",191,188,6.4869109947644,6.37234042553191,0.0179793547710407,"(-0.612 ; 0.841)",0.757,"NO"
"co_NULL","rides_surge",191,188,0.722513089005236,0.925531914893617,-0.219353673948366,"(-0.406 ; 0)",0.05,"YES"
"co_Blocked","Utilisation_weighted",142,231,0.480253088954422,0.464314838865565,0.0343263853634258,"(-0.179 ; 0.211)",0.872,"NO"
"co_Blocked","AccR",142,231,0.090010612894667,0.0572567253404185,0.572053105718343,"(0.001 ; 0.065)",0.045,"YES"
"co_Blocked","RejR",142,231,0.248474396391616,0.271471272002657,-0.084712004483539,"(-0.173 ; 0.127)",0.763,"NO"
"co_Blocked","IngoreR",142,231,0.661514990713717,0.671272002656925,-0.0145351093216891,"(-0.397 ; 0.378)",0.96,"NO"
"co_Blocked","PassCanc_perAccepted",142,231,0.0803242446573324,0.0951276102088167,-0.155615867138774,"(-0.064 ; 0.034)",0.553,"NO"
"co_Blocked","driver_earning",142,231,60557.838028169,49823.3939393939,0.215449876855692,"(-13583.862 ; 35052.75)",0.386,"NO"
"co_Blocked","supply_hours",142,231,377.30985915493,286.658008658009,0.316236936554845,"(-3.775 ; 185.079)",0.06,"NO"
"co_Blocked","utilisation",142,231,0.748514994944211,0.63798184581179,0.173254379976558,"(-0.086 ; 0.307)",0.27,"NO"
"co_Blocked","rides",142,231,6.38028169014085,4.93939393939394,0.29171347101011,"(-1.153 ; 4.035)",0.275,"NO"
"co_Blocked","time_to_accept",142,231,11.0725311157819,8.1308001858794,0.361800912905398,"(0.473 ; 5.411)",0.02,"YES"
"co_Blocked","time_to_reject",142,231,15.6410413272034,7.20837895171539,1.16984171225921,"(-3.722 ; 20.587)",0.172,"NO"
"co_Blocked","accepted",142,231,9.55633802816901,7.46320346320346,0.280460605862554,"(-1.491 ; 5.677)",0.251,"NO"
"co_Blocked","rejected",142,231,26.3802816901408,35.3852813852814,-0.25448433197669,"(-26.771 ; 8.761)",0.32,"NO"
"co_Blocked","ignored",142,231,70.2323943661972,87.4978354978355,-0.197324208460739,"(-62.049 ; 27.518)",0.449,"NO"
"co_Blocked","broadcasts",142,231,106.169014084507,130.34632034632,-0.185485146013911,"(-79.17 ; 30.815)",0.388,"NO"
"co_Blocked","drac_score_avg",142,231,79.0555403077358,60.5349425991107,0.30594887701929,"(-22.075 ; 59.116)",0.37,"NO"
"co_Blocked","driver_aborts",142,231,0.964788732394366,0.701298701298701,0.375717266562337,"(-0.103 ; 0.63)",0.158,"NO"
"co_Blocked","pax_can",142,231,0.767605633802817,0.70995670995671,0.0812006183442115,"(-0.363 ; 0.478)",0.787,"NO"
"co_Blocked","rides_surge",142,231,1.06338028169014,1.01298701298701,0.0497472011556519,"(-0.544 ; 0.644)",0.868,"NO"
"co_Fraud","Utilisation_weighted",15,12,0.421801333116566,0.452720957159398,-0.0682973110784112,"(-0.418 ; 0.356)",0.87,"NO"
"co_Fraud","AccR",15,12,0.0957390846922672,0.0569730863334498,0.680426511071022,"(-0.028 ; 0.106)",0.242,"NO"
"co_Fraud","RejR",15,12,0.206996317727512,0.436211114994757,-0.525467576107042,"(-0.767 ; 0.309)",0.372,"NO"
"co_Fraud","IngoreR",15,12,0.697264597580221,0.506815798671793,0.375775181846215,"(-0.877 ; 1.258)",0.712,"NO"
"co_Fraud","PassCanc_perAccepted",15,12,0.0824175824175824,0.122699386503067,-0.328296703296703,"(-0.141 ; 0.06)",0.414,"NO"
"co_Fraud","driver_earning",15,12,121271.933333333,63107.75,0.921664666119983,"(-50759.805 ; 167088.172)",0.279,"NO"
"co_Fraud","supply_hours",15,12,820.133333333333,431.833333333333,0.899189502122733,"(19.606 ; 756.994)",0.04,"YES"
"co_Fraud","utilisation",15,12,1.19229728067871,0.906773201850234,0.314879264457609,"(-0.439 ; 1.01)",0.425,"NO"
"co_Fraud","rides",15,12,13.4666666666667,7.33333333333333,0.836363636363636,"(-2.755 ; 15.021)",0.167,"NO"
"co_Fraud","time_to_accept",15,12,20.0208052133052,11.7283303502054,0.707046494725881,"(-0.073 ; 16.658)",0.052,"NO"
"co_Fraud","time_to_reject",15,12,27.7362158200152,7.82025398631115,2.54671547350837,"(-14.631 ; 54.463)",0.237,"NO"
"co_Fraud","accepted",15,12,24.2666666666667,13.5833333333333,0.786503067484662,"(-6.025 ; 27.391)",0.198,"NO"
"co_Fraud","rejected",15,12,52.4666666666667,104,-0.49551282051282,"(-180.098 ; 77.031)",0.401,"NO"
"co_Fraud","ignored",15,12,176.733333333333,120.833333333333,0.462620689655172,"(-213.228 ; 325.028)",0.667,"NO"
"co_Fraud","broadcasts",15,12,253.466666666667,238.416666666667,0.0631247815449144,"(-305.271 ; 335.371)",0.923,"NO"
"co_Fraud","drac_score_avg",15,12,240.81220631833,110.035506195078,1.18849546519468,"(-190.963 ; 452.516)",0.402,"NO"
"co_Fraud","driver_aborts",15,12,5,3.33333333333333,0.5,"(-4.849 ; 8.183)",0.602,"NO"
"co_Fraud","pax_can",15,12,2,1.66666666666667,0.2,"(-1.52 ; 2.187)",0.714,"NO"
"co_Fraud","rides_surge",15,12,2.6,1.58333333333333,0.642105263157895,"(-2.606 ; 4.639)",0.563,"NO"
